{
  "3": {
    "inputs": {
      "seed": 156680208700286,
      "steps": 20,
      "cfg": 8,
      "sampler_name": "euler",
      "scheduler": "normal", 
      "denoise": 1,
      "model": ["4", 0],
      "positive": ["6", 0],
      "negative": ["7", 0],
      "latent_image": ["5", 0]
    },
    "class_type": "KSampler"
  },
  "4": {
    "inputs": {
      "ckpt_name": "v1-5-pruned-emaonly-fp16.safetensors"
    },
    "class_type": "CheckpointLoaderSimple"
  },
  "5": {
    "inputs": {
      "width": 512,
      "height": 512,
      "batch_size": 1
    },
    "class_type": "EmptyLatentImage"
  },
  "6": {
    "inputs": {
      "text": "{POSITIVE_PROMPT}",
      "clip": ["4", 1]
    },
    "class_type": "CLIPTextEncode"
  },
  "7": {
    "inputs": {
      "text": "{NEGATIVE_PROMPT}",
      "clip": ["4", 1]
    },
    "class_type": "CLIPTextEncode"
  },
  "8": {
    "inputs": {
      "samples": ["3", 0],
      "vae": ["4", 2]
    },
    "class_type": "VAEDecode"
  },
  "9": {
    "inputs": {
      "filename_prefix": "ComfyUI",
      "images": ["8", 0]
    },
    "class_type": "SaveImage"
  }
}
