{
    "3": {
        "inputs": {
            "seed": 156680208700286,
            "steps": 20,
            "cfg": 7,
            "sampler_name": "euler",
            "scheduler": "normal",
            "denoise": 0.75,
            "model": ["4", 0],
            "positive": ["6", 0],
            "negative": ["7", 0],
            "latent_image": ["10", 0]
        },
        "class_type": "KSampler"
    },
    "4": {
        "inputs": {
            "ckpt_name": "v1-5-pruned-emaonly-fp16.safetensors"
        },
        "class_type": "CheckpointLoaderSimple"
    },
    "6": {
        "inputs": {
            "text": "{POSITIVE_PROMPT}",
            "clip": ["4", 1]
        },
        "class_type": "CLIPTextEncode"
    },
    "7": {
        "inputs": {
            "text": "{NEGATIVE_PROMPT}",
            "clip": ["4", 1]
        },
        "class_type": "CLIPTextEncode"
    },
    "8": {
        "inputs": {
            "samples": ["3", 0],
            "vae": ["4", 2]
        },
        "class_type": "VAEDecode"
    },
    "9": {
        "inputs": {
            "filename_prefix": "Img2Img_ComfyUI",
            "images": ["8", 0]
        },
        "class_type": "SaveImage"
    },
    "10": {
        "inputs": {
            "pixels": ["11", 0],
            "vae": ["4", 2]
        },
        "class_type": "VAEEncode"
    },
    "11": {
        "inputs": {
            "image": "{INPUT_IMAGE}"
        },
        "class_type": "LoadImage"
    }
}
