{
    "3": {
        "inputs": {
            "seed": 156680208700286,
            "steps": 30,
            "cfg": 7,
            "sampler_name": "dpmpp_2m",
            "scheduler": "karras",
            "denoise": 1,
            "model": ["4", 0],
            "positive": ["6", 0],
            "negative": ["7", 0],
            "latent_image": ["5", 0]
        },
        "class_type": "KSampler"
    },
    "4": {
        "inputs": {
            "ckpt_name": "realisticVisionV60_v60B1VAE.safetensors"
        },
        "class_type": "CheckpointLoaderSimple"
    },
    "5": {
        "inputs": {
            "width": 768,
            "height": 768,
            "batch_size": 1
        },
        "class_type": "EmptyLatentImage"
    },
    "6": {
        "inputs": {
            "text": "{POSITIVE_PROMPT}, masterpiece, best quality, ultra detailed, 8k, photorealistic",
            "clip": ["4", 1]
        },
        "class_type": "CLIPTextEncode"
    },
    "7": {
        "inputs": {
            "text": "{NEGATIVE_PROMPT}, worst quality, low quality, normal quality, lowres, blurry, watermark, signature",
            "clip": ["4", 1]
        },
        "class_type": "CLIPTextEncode"
    },
    "8": {
        "inputs": {
            "samples": ["3", 0],
            "vae": ["4", 2]
        },
        "class_type": "VAEDecode"
    },
    "9": {
        "inputs": {
            "filename_prefix": "HighQuality_ComfyUI",
            "images": ["8", 0]
        },
        "class_type": "SaveImage"
    }
}
